Image Path,Clothes,Cloth Pattern ,Gender,HOURGLASS,APPLE,PEAR,RECTANGLE ,TRIANGLE,INVERTED TRIANGLE,OVAL ,TRAPEZOID
C:\xampp\htdocs\URasethetic\images\Women\3_4 th sleeve .png,3_4 th sleeve,1,1,90,90,90,90,0,90,0,0
C:\xampp\htdocs\URasethetic\images\Women\a line dress.png,a line dress,5,1,90,90,95,100,0,90,0,0
C:\xampp\htdocs\URasethetic\images\Women\a line skirt .png,a line skirt,4,1,90,90,95,100,0,90,0,0
C:\xampp\htdocs\URasethetic\images\Women\above calf skirt.png,above calf skirt,4,1,90,85,90,95,0,85,0,0
C:\xampp\htdocs\URasethetic\images\Women\accordion skirt .png,accordion skirt,4,1,85,85,85,90,0,85,0,0
C:\xampp\htdocs\URasethetic\images\Women\aline cold shoulder with straps top .png,aline cold shoulder with straps top,2,1,90,85,85,90,0,85,0,0
C:\xampp\htdocs\URasethetic\images\Women\aline kurta.png,aline kurta,7,1,90,85,90,95,0,85,0,0
C:\xampp\htdocs\URasethetic\images\Women\anarkali kurta.png,anarkali kurta,7,1,85,80,85,90,0,80,0,0
C:\xampp\htdocs\URasethetic\images\Women\angel sleeve top.png,angel sleeve top,2,1,85,80,85,90,0,80,0,0
C:\xampp\htdocs\URasethetic\images\Women\angel sleeve.png,angel sleeve,1,1,85,80,85,90,0,80,0,0
C:\xampp\htdocs\URasethetic\images\Women\apron dress.png,apron dress,5,1,80,75,80,85,0,75,0,0
C:\xampp\htdocs\URasethetic\images\Women\asymmetric cowl neck top .png,asymmetric cowl neck top,2,1,80,75,80,85,0,75,0,0
C:\xampp\htdocs\URasethetic\images\Women\asymmetric dress.png,asymmetric dress,5,1,80,75,80,85,0,75,0,0
C:\xampp\htdocs\URasethetic\images\Women\asymmetric jumpsuit .png,asymmetric jumpsuit,6,1,80,75,80,85,0,75,0,0
C:\xampp\htdocs\URasethetic\images\Women\asymmetric kurta .png,asymmetric kurta,7,1,80,75,80,85,0,75,0,0
C:\xampp\htdocs\URasethetic\images\Women\asymmetric neckline .png,asymmetric neckline,0,1,80,75,80,85,0,75,0,0
C:\xampp\htdocs\URasethetic\images\Women\asymmetric skirt.png,asymmetric skirt,4,1,85,80,85,90,0,80,0,0
C:\xampp\htdocs\URasethetic\images\Women\asymmetric top .png,asymmetric top,2,1,85,80,85,90,0,80,0,0
C:\xampp\htdocs\URasethetic\images\Women\baby doll dress.png,baby doll dress,5,1,80,75,80,85,0,75,0,0
C:\xampp\htdocs\URasethetic\images\Women\baggy pants .png,baggy pants,3,1,80,75,80,85,0,75,0,0
C:\xampp\htdocs\URasethetic\images\Women\ball gown dress.png,ball gown dress,5,1,75,70,75,80,0,70,0,0
C:\xampp\htdocs\URasethetic\images\Women\balloon dress.png,balloon dress,5,1,80,75,80,85,0,75,0,0
C:\xampp\htdocs\URasethetic\images\Women\banded neckline .png,banded neckline,0,1,85,80,85,90,0,80,0,0
C:\xampp\htdocs\URasethetic\images\Women\banded sleeve .png,banded sleeve,1,1,85,80,85,90,0,80,0,0
C:\xampp\htdocs\URasethetic\images\Women\bardot neck top .png,bardot neck top,2,1,85,80,85,90,0,80,0,0
C:\xampp\htdocs\URasethetic\images\Women\bardot neckline .png,bardot neckline,0,1,85,80,85,90,0,80,0,0
C:\xampp\htdocs\URasethetic\images\Women\bardot top.png,bardot top,2,1,85,80,85,90,0,80,0,0
C:\xampp\htdocs\URasethetic\images\Women\basic jumpsuit .png,basic jumpsuit,6,1,80,75,80,85,0,75,0,0
C:\xampp\htdocs\URasethetic\images\Women\bateau neckline.png,bateau neckline,0,1,85,80,85,90,0,80,0,0
C:\xampp\htdocs\URasethetic\images\Women\batwing sleeve .png,batwing sleeve,1,1,85,80,85,90,0,80,0,0
C:\xampp\htdocs\URasethetic\images\Women\batwing top .png,batwing top,2,1,85,80,85,90,0,80,0,0
C:\xampp\htdocs\URasethetic\images\Women\Bell sleeve.png,Bell sleeve,1,1,85,80,85,90,0,80,0,0
C:\xampp\htdocs\URasethetic\images\Women\belted jumpsuit .png,belted jumpsuit,6,1,80,75,80,85,0,75,0,0
C:\xampp\htdocs\URasethetic\images\Women\belted top.png,belted top,2,1,85,80,85,90,0,80,0,0
C:\xampp\htdocs\URasethetic\images\Women\Bermuda pants.png,Bermuda pants,3,1,80,75,80,85,0,75,0,0
C:\xampp\htdocs\URasethetic\images\Women\bias dress.png,bias dress,5,1,85,80,85,90,0,80,0,0
C:\xampp\htdocs\URasethetic\images\Women\bias skirt.png,bias skirt,4,1,90,85,90,95,0,85,0,0
C:\xampp\htdocs\URasethetic\images\Women\bib neckline .png,bib neckline,0,1,85,80,85,90,0,80,0,0
C:\xampp\htdocs\URasethetic\images\Women\bishop sleeve .png,bishop sleeve,1,1,85,80,85,90,0,80,0,0
C:\xampp\htdocs\URasethetic\images\Women\blazer dress.png,blazer dress,5,1,80,75,80,85,0,75,0,0
C:\xampp\htdocs\URasethetic\images\Women\blouson dress.png,blouson dress,5,1,80,75,80,85,0,75,0,0
C:\xampp\htdocs\URasethetic\images\Women\body suit top .png,body suit top,2,1,85,80,85,90,0,80,0,0
C:\xampp\htdocs\URasethetic\images\Women\bodycon dress.png,bodycon dress,5,1,80,75,80,85,0,75,0,0
C:\xampp\htdocs\URasethetic\images\Women\bootcut pants.png,bootcut pants,3,1,80,75,80,85,0,75,0,0
C:\xampp\htdocs\URasethetic\images\Women\bouffant dress.png,bouffant dress,5,1,80,75,80,85,0,75,0,0
C:\xampp\htdocs\URasethetic\images\Women\bow tie dress.png,bow tie dress,5,1,80,75,80,85,0,75,0,0
C:\xampp\htdocs\URasethetic\images\Women\bow top .png,bow top,2,1,85,80,85,90,0,80,0,0
C:\xampp\htdocs\URasethetic\images\Women\box pleated skirt.png,box pleated skirt,4,1,90,85,90,95,0,85,0,0
C:\xampp\htdocs\URasethetic\images\Women\boxy top .png,boxy top,2,1,85,80,85,90,0,80,0,0
C:\xampp\htdocs\URasethetic\images\Women\bralette top.png,bralette top,2,1,90,90,85,85,0,80,0,0
C:\xampp\htdocs\URasethetic\images\Women\bubble skirt.png,bubble skirt,4,1,95,95,90,90,0,85,0,0
C:\xampp\htdocs\URasethetic\images\Women\bush pants.png,bush pants,3,1,90,90,85,85,0,80,0,0
C:\xampp\htdocs\URasethetic\images\Women\bust pockets top.png,bust pockets top,2,1,90,90,85,85,0,80,0,0
C:\xampp\htdocs\URasethetic\images\Women\butterfly sleeve .png,butterfly sleeve,1,1,90,90,85,85,0,80,0,0
C:\xampp\htdocs\URasethetic\images\Women\butterfly top.png,butterfly top,2,1,90,90,85,85,0,80,0,0
C:\xampp\htdocs\URasethetic\images\Women\button down shirt  - top.png,button down shirt  - top,2,1,95,95,90,90,0,85,0,0
C:\xampp\htdocs\URasethetic\images\Women\buttoned straight skirt .png,buttoned straight skirt,4,1,95,95,90,90,0,85,0,0
C:\xampp\htdocs\URasethetic\images\Women\caftan dress.png,caftan dress,5,1,90,90,85,85,0,80,0,0
C:\xampp\htdocs\URasethetic\images\Women\Camille top.png,Camille top,2,1,90,90,85,85,0,80,0,0
C:\xampp\htdocs\URasethetic\images\Women\camisole dress.png,camisole dress,5,1,90,90,85,85,0,80,0,0
C:\xampp\htdocs\URasethetic\images\Women\camisole top.png,camisole top,2,1,90,90,85,85,0,80,0,0
C:\xampp\htdocs\URasethetic\images\Women\cap sleeve .png,cap sleeve,1,1,90,90,85,85,0,80,0,0
C:\xampp\htdocs\URasethetic\images\Women\cape sleeve bardot crop top .png,cape sleeve bardot crop top,2,1,90,90,85,85,0,80,0,0
C:\xampp\htdocs\URasethetic\images\Women\cape style kurta .png,cape style kurta,7,1,90,90,85,85,0,80,0,0
C:\xampp\htdocs\URasethetic\images\Women\cape top.png,cape top,2,1,90,90,85,85,0,80,0,0
C:\xampp\htdocs\URasethetic\images\Women\capri pants .png,capri pants,3,1,90,90,85,85,0,80,0,0
C:\xampp\htdocs\URasethetic\images\Women\cargo pants .png,cargo pants,3,1,90,90,85,85,0,80,0,0
C:\xampp\htdocs\URasethetic\images\Women\checked shirt style crop top .png,checked shirt style crop top,2,1,90,90,85,85,0,80,0,0
C:\xampp\htdocs\URasethetic\images\Women\checked top .png,checked top,2,1,90,90,85,85,0,80,0,0
C:\xampp\htdocs\URasethetic\images\Women\chinos pants.png,chinos pants,3,1,90,90,85,85,0,80,0,0
C:\xampp\htdocs\URasethetic\images\Women\choker neckline .png,choker neckline,0,1,90,90,85,85,0,80,0,0
C:\xampp\htdocs\URasethetic\images\Women\choker top.png,choker top,2,1,90,90,85,85,0,80,0,0
C:\xampp\htdocs\URasethetic\images\Women\circular sleeve .png,circular sleeve,1,1,90,90,85,85,0,80,0,0
C:\xampp\htdocs\URasethetic\images\Women\cold shoulder dress.png,cold shoulder dress,5,1,95,95,90,90,0,85,0,0
C:\xampp\htdocs\URasethetic\images\Women\cold shoulder neckline .png,cold shoulder neckline,0,1,90,90,85,85,0,80,0,0
C:\xampp\htdocs\URasethetic\images\Women\cold shoulder sleeve .png,cold shoulder sleeve,1,1,90,90,85,85,0,80,0,0
C:\xampp\htdocs\URasethetic\images\Women\cold shoulder top.png,cold shoulder top,2,1,90,90,85,85,0,80,0,0
C:\xampp\htdocs\URasethetic\images\Women\collar neckline.png,collar neckline,0,1,90,95,90,85,0,85,0,0
C:\xampp\htdocs\URasethetic\images\Women\colour blocked crop top .png,colour blocked crop top,2,1,90,90,85,85,0,80,0,0
C:\xampp\htdocs\URasethetic\images\Women\colour blocked dress.png,colour blocked dress,5,1,90,90,85,85,0,80,0,0
C:\xampp\htdocs\URasethetic\images\Women\colour blocked halter neck top .png,colour blocked halter neck top,2,1,90,90,85,85,0,80,0,0
C:\xampp\htdocs\URasethetic\images\Women\colour blocked peplum top.png,colour blocked peplum top,2,1,90,90,85,85,0,80,0,0
C:\xampp\htdocs\URasethetic\images\Women\corset top.png,corset top,2,1,90,90,85,85,0,80,0,0
C:\xampp\htdocs\URasethetic\images\Women\court neckline .png,court neckline,0,1,90,95,90,85,0,85,0,0
C:\xampp\htdocs\URasethetic\images\Women\cowl neck kurta.png,cowl neck kurta,7,1,90,90,85,85,0,80,0,0
C:\xampp\htdocs\URasethetic\images\Women\cowl neck top .png,cowl neck top,2,1,90,90,85,85,0,80,0,0
C:\xampp\htdocs\URasethetic\images\Women\cowl neckline .png,cowl neckline,0,1,90,90,85,85,0,80,0,0
C:\xampp\htdocs\URasethetic\images\Women\cowl skirt .png,cowl skirt,4,1,95,95,90,90,0,85,0,0
C:\xampp\htdocs\URasethetic\images\Women\crew neck top .png,crew neck top,2,1,90,90,85,85,0,80,0,0
C:\xampp\htdocs\URasethetic\images\Women\crew neckline .png,crew neckline,0,1,90,90,85,85,0,80,0,0
C:\xampp\htdocs\URasethetic\images\Women\criss cross neck fitted .png,criss cross neck fitted,2,1,90,90,85,85,0,80,0,0
C:\xampp\htdocs\URasethetic\images\Women\crop top .png,crop top,2,1,90,90,85,85,0,80,0,0
C:\xampp\htdocs\URasethetic\images\Women\cropped jumpsuit .png,cropped jumpsuit,6,1,90,90,85,85,0,80,0,0
C:\xampp\htdocs\URasethetic\images\Women\cropped shirt top.png,cropped shirt top,2,1,90,90,85,85,0,80,0,0
C:\xampp\htdocs\URasethetic\images\Women\cross over neckline .png,cross over neckline,0,1,90,90,85,85,0,80,0,0
C:\xampp\htdocs\URasethetic\images\Women\crossover top.png,crossover top,2,1,90,90,85,85,0,80,0,0
C:\xampp\htdocs\URasethetic\images\Women\cuffed pants.png,cuffed pants,3,1,90,90,85,85,0,80,0,0
C:\xampp\htdocs\URasethetic\images\Women\cuffed sleeve .png,cuffed sleeve,1,1,90,90,85,85,0,80,0,0
C:\xampp\htdocs\URasethetic\images\Women\culottes jumpsuit .png,culottes jumpsuit,6,1,90,90,85,85,0,80,0,0
C:\xampp\htdocs\URasethetic\images\Women\culottes pants.png,culottes pants,3,1,90,90,85,85,0,80,0,0
C:\xampp\htdocs\URasethetic\images\Women\cut out top .png,cut out top,2,1,90,90,85,85,0,80,0,0
C:\xampp\htdocs\URasethetic\images\Women\cutout crop top .png,cutout crop top,2,1,90,90,85,85,0,80,0,0
C:\xampp\htdocs\URasethetic\images\Women\cutout dress.png,cutout dress,5,1,90,90,85,85,0,80,0,0
C:\xampp\htdocs\URasethetic\images\Women\cutout jumpsuit .png,cutout jumpsuit,6,1,90,90,85,85,0,80,0,0
C:\xampp\htdocs\URasethetic\images\Women\cutout neckline.png,cutout neckline,0,1,90,90,85,85,0,80,0,0
C:\xampp\htdocs\URasethetic\images\Women\Deep neckline top.png,Deep neckline top,2,1,90,90,85,85,0,80,0,0
C:\xampp\htdocs\URasethetic\images\Women\deep v neck jumpsuit .png,deep v neck jumpsuit,6,1,90,90,85,85,0,80,0,0
C:\xampp\htdocs\URasethetic\images\Women\diamond neckline .png,diamond neckline,0,1,90,90,85,85,0,80,0,0
C:\xampp\htdocs\URasethetic\images\Women\distressed jeans .png,distressed jeans,3,1,90,90,85,85,0,80,0,0
C:\xampp\htdocs\URasethetic\images\Women\dolman dress.png,dolman dress,5,1,90,90,85,85,0,80,0,0
C:\xampp\htdocs\URasethetic\images\Women\dolman sleeve.png,dolman sleeve,1,1,90,90,85,85,0,80,0,0
C:\xampp\htdocs\URasethetic\images\Women\draped skirt .png,draped skirt,4,1,95,95,90,90,0,85,0,0
C:\xampp\htdocs\URasethetic\images\Women\draped sleeve .png,draped sleeve,1,1,90,90,85,85,0,80,0,0
C:\xampp\htdocs\URasethetic\images\Women\draped top .png,draped top,2,1,90,90,85,85,0,80,0,0
C:\xampp\htdocs\URasethetic\images\Women\draw string jumpsuit .png,draw string jumpsuit,6,1,90,90,85,85,0,80,0,0
C:\xampp\htdocs\URasethetic\images\Women\drawstring neck dress.png,drawstring neck dress,5,1,90,90,85,85,0,80,0,0
C:\xampp\htdocs\URasethetic\images\Women\drawstring puffed sleeve.png,drawstring puffed sleeve,1,1,90,90,85,85,0,80,0,0
C:\xampp\htdocs\URasethetic\images\Women\drop shoulder sleeve .png,drop shoulder sleeve,1,1,90,90,85,85,0,80,0,0
C:\xampp\htdocs\URasethetic\images\Women\drop waist dress.png,drop waist dress,5,1,90,90,85,85,0,80,0,0
C:\xampp\htdocs\URasethetic\images\Women\empire dress.png,empire dress,5,1,90,90,85,85,0,80,0,0
C:\xampp\htdocs\URasethetic\images\Women\empire jumpsuit .png,empire jumpsuit,6,1,90,90,85,85,0,80,0,0
C:\xampp\htdocs\URasethetic\images\Women\empire top.png,empire top,2,1,90,90,85,85,0,80,0,0
C:\xampp\htdocs\URasethetic\images\Women\empire waist kurta.png,empire waist kurta,7,1,90,90,85,85,0,80,0,0
C:\xampp\htdocs\URasethetic\images\Women\envelope neckline .png,envelope neckline,0,1,90,90,85,85,0,80,0,0
C:\xampp\htdocs\URasethetic\images\Women\epaulet sleeve .png,epaulet sleeve,1,1,90,90,85,85,0,80,0,0
C:\xampp\htdocs\URasethetic\images\Women\extended cap sleeve .png,extended cap sleeve,1,1,90,90,85,85,0,80,0,0
C:\xampp\htdocs\URasethetic\images\Women\fit and flare dress .png,fit and flare dress,5,1,90,90,85,85,0,80,0,0
C:\xampp\htdocs\URasethetic\images\Women\fitted sleeve .png,fitted sleeve,1,1,90,90,85,85,0,80,0,0
C:\xampp\htdocs\URasethetic\images\Women\fitted T top.png,fitted T top,2,1,90,90,85,85,0,80,0,0
C:\xampp\htdocs\URasethetic\images\Women\fitted top.png,fitted top,2,1,90,90,85,85,0,80,0,0
C:\xampp\htdocs\URasethetic\images\Women\fix box pleated skirt .png,fix box pleated skirt,4,1,95,95,90,90,0,85,0,0
C:\xampp\htdocs\URasethetic\images\Women\flapper dress.png,flapper dress,5,1,90,90,85,85,0,80,0,0
C:\xampp\htdocs\URasethetic\images\Women\flared jeans pants.png,flared jeans pants,3,1,90,90,85,85,0,80,0,0
C:\xampp\htdocs\URasethetic\images\Women\flared jumpsuit.png,flared jumpsuit,6,1,90,90,85,85,0,80,0,0
C:\xampp\htdocs\URasethetic\images\Women\flared kurta.png,flared kurta,7,1,90,90,85,85,0,80,0,0
C:\xampp\htdocs\URasethetic\images\Women\flared sleeve .png,flared sleeve,1,1,90,90,85,85,0,80,0,0
C:\xampp\htdocs\URasethetic\images\Women\flip skirt .png,flip skirt,4,1,95,95,90,90,0,85,0,0
C:\xampp\htdocs\URasethetic\images\Women\Florentine neckline.png,Florentine neckline,0,1,90,90,85,85,0,80,0,0
C:\xampp\htdocs\URasethetic\images\Women\flounced skirt .png,flounced skirt,4,1,95,95,90,90,0,85,0,0
C:\xampp\htdocs\URasethetic\images\Women\flutter sleeve .png,flutter sleeve,1,1,90,90,85,85,0,90,0,0
C:\xampp\htdocs\URasethetic\images\Women\fluttersleeve blouson top.png,fluttersleeve blouson top,2,1,90,90,85,85,0,90,0,0
C:\xampp\htdocs\URasethetic\images\Women\formal dress.png,formal dress,5,1,90,90,85,85,0,90,0,0
C:\xampp\htdocs\URasethetic\images\Women\formal pants.png,formal pants,3,1,90,90,85,85,0,90,0,0
C:\xampp\htdocs\URasethetic\images\Women\frill sleeve .png,frill sleeve,1,1,90,90,85,85,0,90,0,0
C:\xampp\htdocs\URasethetic\images\Women\frock style kurta.png,frock style kurta,7,1,90,90,85,85,0,90,0,0
C:\xampp\htdocs\URasethetic\images\Women\full circle skirt .png,full circle skirt,4,1,95,95,90,90,0,95,0,0
C:\xampp\htdocs\URasethetic\images\Women\gathered neckline .png,gathered neckline,0,1,90,90,85,85,0,90,0,0
C:\xampp\htdocs\URasethetic\images\Women\gathered neckline top.png,gathered neckline top,2,1,90,90,85,85,0,90,0,0
C:\xampp\htdocs\URasethetic\images\Women\gathered tank top.png,gathered tank top,2,1,90,90,85,85,0,90,0,0
C:\xampp\htdocs\URasethetic\images\Women\gaucho pants .png,gaucho pants,3,1,90,90,85,85,0,90,0,0
C:\xampp\htdocs\URasethetic\images\Women\geometric print top.png,geometric print top,2,1,90,90,85,85,0,90,0,0
C:\xampp\htdocs\URasethetic\images\Women\ghagra choli .png,ghagra choli,7,1,90,90,85,85,0,90,0,0
C:\xampp\htdocs\URasethetic\images\Women\godet skirt .png,godet skirt,4,1,95,95,90,90,0,95,0,0
C:\xampp\htdocs\URasethetic\images\Women\gored skirt .png,gored skirt,4,1,95,95,90,90,0,95,0,0
C:\xampp\htdocs\URasethetic\images\Women\gracian  neckline.png,gracian  neckline,0,1,90,90,85,85,0,90,0,0
C:\xampp\htdocs\URasethetic\images\Women\gracian top.png,gracian top,2,1,90,90,85,85,0,90,0,0
C:\xampp\htdocs\URasethetic\images\Women\gypsy skirt.png,gypsy skirt,4,1,95,95,90,90,0,95,0,0
C:\xampp\htdocs\URasethetic\images\Women\half saree.png,half saree,7,1,90,90,85,85,0,90,0,0
C:\xampp\htdocs\URasethetic\images\Women\halter dress.png,halter dress,5,1,95,95,90,90,0,95,0,0
C:\xampp\htdocs\URasethetic\images\Women\halter neckline .png,halter neckline,0,1,95,95,90,90,0,95,0,0
C:\xampp\htdocs\URasethetic\images\Women\halter strap neckline .png,halter strap neckline,0,1,95,95,90,90,0,95,0,0
C:\xampp\htdocs\URasethetic\images\Women\halter top.png,halter top,2,1,95,95,90,90,0,95,0,0
C:\xampp\htdocs\URasethetic\images\Women\halterneck jumpsuit .png,halterneck jumpsuit,6,1,90,90,85,85,0,90,0,0
C:\xampp\htdocs\URasethetic\images\Women\handkerchief skirt .png,handkerchief skirt,4,1,95,96,90,90,0,95,0,0
C:\xampp\htdocs\URasethetic\images\Women\hanging sleeve .png,hanging sleeve,1,1,90,90,85,85,0,90,0,0
C:\xampp\htdocs\URasethetic\images\Women\harem pants .png,harem pants,3,1,90,90,85,85,0,90,0,0
C:\xampp\htdocs\URasethetic\images\Women\high low dress.png,high low dress,5,1,95,95,90,90,0,95,0,0
C:\xampp\htdocs\URasethetic\images\Women\high low kurta.png,high low kurta,7,1,95,95,90,90,0,95,0,0
C:\xampp\htdocs\URasethetic\images\Women\high low top.png,high low top,2,1,90,90,85,85,0,90,0,0
C:\xampp\htdocs\URasethetic\images\Women\high neck dress.png,high neck dress,4,1,95,95,90,90,0,95,0,0
C:\xampp\htdocs\URasethetic\images\Women\high waist dress.png,high waist dress,4,1,95,95,90,90,0,95,0,0
C:\xampp\htdocs\URasethetic\images\Women\hoodie - top.png,hoodie - top,2,1,90,90,85,85,0,90,0,0
C:\xampp\htdocs\URasethetic\images\Women\horizontal stripes top.png,horizontal stripes top,2,1,90,90,85,85,0,90,0,0
C:\xampp\htdocs\URasethetic\images\Women\horse shoe neckline .png,horse shoe neckline,0,1,90,90,85,85,0,90,0,0
C:\xampp\htdocs\URasethetic\images\Women\illusion neckline.png,illusion neckline,0,1,90,90,85,85,0,90,0,0
C:\xampp\htdocs\URasethetic\images\Women\illusion top.png,illusion top,2,1,90,90,85,85,0,90,0,0
C:\xampp\htdocs\URasethetic\images\Women\indowestern kurta.png,indowestern kurta,7,1,90,90,85,85,0,90,0,0
C:\xampp\htdocs\URasethetic\images\Women\jabot top .png,jabot top,2,1,90,90,85,85,0,90,0,0
C:\xampp\htdocs\URasethetic\images\Women\jacket style kurta .png,jacket style kurta,7,1,90,90,85,85,0,90,0,0
C:\xampp\htdocs\URasethetic\images\Women\jodhpurs pants.png,jodhpurs pants,3,1,90,90,85,85,0,90,0,0
C:\xampp\htdocs\URasethetic\images\Women\joggers - pants.png,joggers - pants,3,1,90,90,85,85,0,90,0,0
C:\xampp\htdocs\URasethetic\images\Women\juliet sleeve .png,juliet sleeve,1,1,90,90,85,85,0,90,0,0
C:\xampp\htdocs\URasethetic\images\Women\jumper dress.png,jumper dress,5,1,90,90,85,85,0,90,0,0
C:\xampp\htdocs\URasethetic\images\Women\jumper top.png,jumper top,2,1,90,90,85,85,0,90,0,0
C:\xampp\htdocs\URasethetic\images\Women\kaftan kurta.png,kaftan kurta,7,1,90,90,85,85,0,90,0,0
C:\xampp\htdocs\URasethetic\images\Women\kaftan top.png,kaftan top,2,1,90,90,85,85,0,90,0,0
C:\xampp\htdocs\URasethetic\images\Women\keyhole neckline .png,keyhole neckline,0,1,90,90,85,85,0,90,0,0
C:\xampp\htdocs\URasethetic\images\Women\keyhole top.png,keyhole top,2,1,90,90,85,85,0,90,0,0
C:\xampp\htdocs\URasethetic\images\Women\kimono sleeve .png,kimono sleeve,1,1,90,90,85,85,0,90,0,0
C:\xampp\htdocs\URasethetic\images\Women\kimono top.png,kimono top,2,1,90,90,85,85,0,90,0,0
C:\xampp\htdocs\URasethetic\images\Women\knee length skirt.png,knee length skirt,4,1,95,95,90,90,0,95,0,0
C:\xampp\htdocs\URasethetic\images\Women\knife pleated skirt .png,knife pleated skirt,4,1,95,95,90,90,0,95,0,0
C:\xampp\htdocs\URasethetic\images\Women\knitted vest top .png,knitted vest top,2,1,90,90,85,85,0,90,0,0
C:\xampp\htdocs\URasethetic\images\Women\lace dress.png,lace dress,5,1,90,90,85,85,0,90,0,0
C:\xampp\htdocs\URasethetic\images\Women\lace trim neckline .png,lace trim neckline,0,1,90,90,85,85,0,90,0,0
C:\xampp\htdocs\URasethetic\images\Women\lace trim top.png,lace trim top,2,1,90,90,85,85,0,90,0,0
C:\xampp\htdocs\URasethetic\images\Women\lace up neckline .png,lace up neckline,0,1,90,90,85,85,0,90,0,0
C:\xampp\htdocs\URasethetic\images\Women\lantern sleeve.png,lantern sleeve,1,1,90,90,85,85,0,90,0,0
C:\xampp\htdocs\URasethetic\images\Women\layered dress.png,layered dress,5,1,80,80,85,70,0,75,0,0
C:\xampp\htdocs\URasethetic\images\Women\layered kurta .png,layered kurta,7,1,75,75,80,65,0,70,0,0
C:\xampp\htdocs\URasethetic\images\Women\layered skirt.png,layered skirt,4,1,75,75,80,60,0,70,0,0
C:\xampp\htdocs\URasethetic\images\Women\leg o mutton sleeves .png,leg o mutton sleeves,1,1,70,70,70,50,0,60,0,0
C:\xampp\htdocs\URasethetic\images\Women\legging - pants.png,legging - pants,3,1,90,90,90,80,0,85,0,0
C:\xampp\htdocs\URasethetic\images\Women\lehanga choli .png,lehanga choli,7,1,75,75,80,60,0,70,0,0
C:\xampp\htdocs\URasethetic\images\Women\long sleeved dress.png,long sleeved dress,2,1,85,85,85,75,0,80,0,0
C:\xampp\htdocs\URasethetic\images\Women\lounge dress.png,lounge dress,2,1,80,80,80,70,0,75,0,0
C:\xampp\htdocs\URasethetic\images\Women\Mandarin neckline .png,Mandarin neckline,0,1,85,85,85,75,0,80,0,0
C:\xampp\htdocs\URasethetic\images\Women\Mandarin top.png,Mandarin top,2,1,80,80,80,70,0,75,0,0
C:\xampp\htdocs\URasethetic\images\Women\maxi dress.png,maxi dress,5,1,90,90,90,80,0,85,0,0
C:\xampp\htdocs\URasethetic\images\Women\maxi skirt.png,maxi skirt,4,1,85,85,85,75,0,80,0,0
C:\xampp\htdocs\URasethetic\images\Women\melon sleeve .png,melon sleeve,1,1,70,70,70,50,0,60,0,0
C:\xampp\htdocs\URasethetic\images\Women\mermaid skirt.png,mermaid skirt,4,1,75,75,80,60,0,70,0,0
C:\xampp\htdocs\URasethetic\images\Women\mermaid trumpet dress.png,mermaid trumpet dress,5,1,85,85,90,70,0,80,0,0
C:\xampp\htdocs\URasethetic\images\Women\micro skirt.png,micro skirt,4,1,70,70,75,60,0,65,0,0
C:\xampp\htdocs\URasethetic\images\Women\midi skirt .png,midi skirt,4,1,80,80,85,70,0,75,0,0
C:\xampp\htdocs\URasethetic\images\Women\milkmaid top .png,milkmaid top,2,1,80,80,80,70,0,75,0,0
C:\xampp\htdocs\URasethetic\images\Women\mini dress .png,mini dress,5,1,85,85,85,75,0,80,0,0
C:\xampp\htdocs\URasethetic\images\Women\mini skirt .png,mini skirt,4,1,75,75,80,65,0,70,0,0
C:\xampp\htdocs\URasethetic\images\Women\mock neckline .png,mock neckline,0,1,85,85,85,75,0,80,0,0
C:\xampp\htdocs\URasethetic\images\Women\nipped waist dress.png,nipped waist dress,5,1,95,95,95,85,0,90,0,0
C:\xampp\htdocs\URasethetic\images\Women\off shoulder dress.png,off shoulder dress,5,1,85,85,85,75,0,80,0,0
C:\xampp\htdocs\URasethetic\images\Women\off shoulder jumpsuit .png,off shoulder jumpsuit,6,1,90,90,90,80,0,85,0,0
C:\xampp\htdocs\URasethetic\images\Women\off shoulder neckline .png,off shoulder neckline,0,1,90,90,90,80,0,85,0,0
C:\xampp\htdocs\URasethetic\images\Women\off shoulder sleeve .png,off shoulder sleeve,1,1,80,80,80,70,0,75,0,0
C:\xampp\htdocs\URasethetic\images\Women\off shoulder top .png,off shoulder top,2,1,85,85,85,75,0,80,0,0
C:\xampp\htdocs\URasethetic\images\Women\one piece dress.png,one piece dress,5,1,85,85,85,75,0,80,0,0
C:\xampp\htdocs\URasethetic\images\Women\one shoulder  neckline.png,one shoulder  neckline,0,1,90,90,90,80,0,85,0,0
C:\xampp\htdocs\URasethetic\images\Women\one shoulder crop top .png,one shoulder crop top,2,1,85,85,85,75,0,80,0,0
C:\xampp\htdocs\URasethetic\images\Women\one shoulder dress.png,one shoulder dress,5,1,90,90,90,80,0,85,0,0
C:\xampp\htdocs\URasethetic\images\Women\one shoulder ruffle top.png,one shoulder ruffle top,2,1,85,85,85,75,0,80,0,0
C:\xampp\htdocs\URasethetic\images\Women\one shoulder top .png,one shoulder top,2,1,85,85,85,75,0,80,0,0
C:\xampp\htdocs\URasethetic\images\Women\over sleeve.png,over sleeve,1,1,75,75,75,60,0,70,0,0
C:\xampp\htdocs\URasethetic\images\Women\overlay kurta.png,overlay kurta,7,1,80,80,80,70,0,75,0,0
C:\xampp\htdocs\URasethetic\images\Women\oversized sweatshirt - top.png,oversized sweatshirt - top,2,1,90,90,90,80,0,85,0,0
C:\xampp\htdocs\URasethetic\images\Women\oversized t shirt - top.png,oversized t shirt - top,2,1,90,90,90,80,0,85,0,0
C:\xampp\htdocs\URasethetic\images\Women\Oxford shirt - top.png,Oxford shirt - top,2,1,85,85,85,75,0,80,0,0
C:\xampp\htdocs\URasethetic\images\Women\padded shouldered sleeve .png,padded shouldered sleeve,1,1,70,70,70,60,0,60,0,0
C:\xampp\htdocs\URasethetic\images\Women\padded shouldered top.png,padded shouldered top,2,1,75,75,75,65,0,65,0,0
C:\xampp\htdocs\URasethetic\images\Women\pagoda sleeve .png,pagoda sleeve,1,1,70,70,70,50,0,60,0,0
C:\xampp\htdocs\URasethetic\images\Women\Pakistani kurta .png,Pakistani kurta,7,1,80,80,80,70,0,75,0,0
C:\xampp\htdocs\URasethetic\images\Women\Palazzo kurta set.png,Palazzo kurta set,7,1,90,90,90,80,0,85,0,0
C:\xampp\htdocs\URasethetic\images\Women\Palazzo pants .png,Palazzo pants,3,1,90,90,90,80,0,85,0,0
C:\xampp\htdocs\URasethetic\images\Women\paneled waist dress.png,paneled waist dress,5,1,90,90,90,80,0,85,0,0
C:\xampp\htdocs\URasethetic\images\Women\panelled skirt .png,panelled skirt,4,1,85,85,85,75,0,80,0,0
C:\xampp\htdocs\URasethetic\images\Women\pant skirt .png,pant skirt,4,1,85,85,85,75,0,80,0,0
C:\xampp\htdocs\URasethetic\images\Women\pareo skirt .png,pareo skirt,4,1,80,80,80,70,0,75,0,0
C:\xampp\htdocs\URasethetic\images\Women\peasant sleeve .png,peasant sleeve,1,1,75,75,75,60,0,70,0,0
C:\xampp\htdocs\URasethetic\images\Women\pegged dress.png,pegged dress,5,1,80,80,80,65,0,75,0,0
C:\xampp\htdocs\URasethetic\images\Women\pegged pants.png,pegged pants,3,1,85,85,85,70,0,80,0,0
C:\xampp\htdocs\URasethetic\images\Women\pegged skirt .png,pegged skirt,4,1,80,75,80,80,0,70,0,0
C:\xampp\htdocs\URasethetic\images\Women\pencil skirt .png,pencil skirt,4,1,85,80,85,85,0,75,0,0
C:\xampp\htdocs\URasethetic\images\Women\pentagon neckline .png,pentagon neckline,0,1,70,65,70,70,0,60,0,0
C:\xampp\htdocs\URasethetic\images\Women\peplum dress .png,peplum dress,5,1,85,80,85,75,0,70,0,0
C:\xampp\htdocs\URasethetic\images\Women\peplum jumpsuit .png,peplum jumpsuit,6,1,85,80,85,75,0,70,0,0
C:\xampp\htdocs\URasethetic\images\Women\peplum skirt .png,peplum skirt,4,1,85,80,85,80,0,70,0,0
C:\xampp\htdocs\URasethetic\images\Women\peplum top .png,peplum top,2,1,85,80,85,80,0,70,0,0
C:\xampp\htdocs\URasethetic\images\Women\petal neckline .png,petal neckline,0,1,75,70,75,70,0,60,0,0
C:\xampp\htdocs\URasethetic\images\Women\Peter Pan collar top .png,Peter Pan collar top,2,1,80,75,80,75,0,65,0,0
C:\xampp\htdocs\URasethetic\images\Women\Peter Pan neckline .png,Peter Pan neckline,0,1,75,70,75,70,0,60,0,0
C:\xampp\htdocs\URasethetic\images\Women\pin tuck top.png,pin tuck top,2,1,80,75,80,75,0,65,0,0
C:\xampp\htdocs\URasethetic\images\Women\placket neckline.png,placket neckline,0,1,80,75,80,75,0,65,0,0
C:\xampp\htdocs\URasethetic\images\Women\pleated dress.png,pleated dress,5,1,85,80,85,80,0,75,0,0
C:\xampp\htdocs\URasethetic\images\Women\pleated kurta .png,pleated kurta,7,1,80,75,80,75,0,70,0,0
C:\xampp\htdocs\URasethetic\images\Women\plunging neckline .png,plunging neckline,0,1,70,65,70,70,0,60,0,0
C:\xampp\htdocs\URasethetic\images\Women\poet sleeve .png,poet sleeve,1,1,70,65,70,70,0,60,0,0
C:\xampp\htdocs\URasethetic\images\Women\polka dot shirt top.png,polka dot shirt top,2,1,75,75,75,75,0,65,0,0
C:\xampp\htdocs\URasethetic\images\Women\polo - top.png,polo - top,2,1,75,70,75,75,0,65,0,0
C:\xampp\htdocs\URasethetic\images\Women\pot neckline .png,pot neckline,0,1,70,70,70,70,0,60,0,0
C:\xampp\htdocs\URasethetic\images\Women\pouf dress.png,pouf dress,5,1,75,65,75,75,0,65,0,0
C:\xampp\htdocs\URasethetic\images\Women\prairie skirt .png,prairie skirt,4,1,80,70,80,80,0,70,0,0
C:\xampp\htdocs\URasethetic\images\Women\princess line top .png,princess line top,2,1,85,75,85,80,0,75,0,0
C:\xampp\htdocs\URasethetic\images\Women\princess seams dress.png,princess seams dress,5,1,85,80,85,80,0,75,0,0
C:\xampp\htdocs\URasethetic\images\Women\princess vest top.png,princess vest top,2,1,85,80,85,80,0,75,0,0
C:\xampp\htdocs\URasethetic\images\Women\printed dress.png,printed dress,5,1,85,80,85,80,0,75,0,0
C:\xampp\htdocs\URasethetic\images\Women\printed floral top.png,printed floral top,2,1,80,80,80,75,0,70,0,0
C:\xampp\htdocs\URasethetic\images\Women\puff sleeves .png,puff sleeves,1,1,70,75,70,70,0,60,0,0
C:\xampp\htdocs\URasethetic\images\Women\puritan collar neckline .png,puritan collar neckline,0,1,70,65,70,70,0,65,0,0
C:\xampp\htdocs\URasethetic\images\Women\puritan top.png,puritan top,2,1,75,65,75,75,0,70,0,0
C:\xampp\htdocs\URasethetic\images\Women\pussy bow top.png,pussy bow top,2,1,80,75,80,75,0,70,0,0
C:\xampp\htdocs\URasethetic\images\Women\qi pao dress.png,qi pao dress,5,1,80,75,80,75,0,60,0,0
C:\xampp\htdocs\URasethetic\images\Women\queen anne neckline .png,queen anne neckline,0,1,75,65,70,70,0,65,0,0
C:\xampp\htdocs\URasethetic\images\Women\queen anne neckline top.png,queen anne neckline top,2,1,70,70,75,75,0,60,0,0
C:\xampp\htdocs\URasethetic\images\Women\Raglan sleeve .png,Raglan sleeve,1,1,75,65,70,70,0,65,0,0
C:\xampp\htdocs\URasethetic\images\Women\Raglan top.png,Raglan top,2,1,70,70,75,75,0,60,0,0
C:\xampp\htdocs\URasethetic\images\Women\regular sleeve.png,regular sleeve,1,1,70,65,70,70,0,60,0,0
C:\xampp\htdocs\URasethetic\images\Women\rolled up sleeve.png,rolled up sleeve,1,1,75,65,70,70,0,65,0,0
C:\xampp\htdocs\URasethetic\images\Women\round neck top .png,round neck top,2,1,75,70,75,75,0,65,0,0
C:\xampp\htdocs\URasethetic\images\Women\round neckline.png,round neckline,0,1,85,70,75,75,0,65,0,0
C:\xampp\htdocs\URasethetic\images\Women\ruffle top.png,ruffle top,2,1,85,80,85,80,0,70,0,0
C:\xampp\htdocs\URasethetic\images\Women\ruffled jumpsuit .png,ruffled jumpsuit,6,1,80,80,85,75,0,70,0,0
C:\xampp\htdocs\URasethetic\images\Women\ruffled neckline .png,ruffled neckline,0,1,85,75,80,75,0,65,0,0
C:\xampp\htdocs\URasethetic\images\Women\ruffled ruched dress.png,ruffled ruched dress,5,1,80,80,85,80,0,70,0,0
C:\xampp\htdocs\URasethetic\images\Women\ruffled sleeve.png,ruffled sleeve,1,1,85,75,80,75,0,65,0,0
C:\xampp\htdocs\URasethetic\images\Women\ruffles peplum top .png,ruffles peplum top,2,1,70,80,85,80,0,70,0,0
C:\xampp\htdocs\URasethetic\images\Women\Sabrina neckline .png,Sabrina neckline,0,1,80,65,70,70,0,60,0,0
C:\xampp\htdocs\URasethetic\images\Women\sailor pants.png,sailor pants,3,1,80,75,80,80,0,70,0,0
C:\xampp\htdocs\URasethetic\images\Women\salwar kameez .png,salwar kameez,7,1,80,75,80,75,0,70,0,0
C:\xampp\htdocs\URasethetic\images\Women\saree.png,saree,7,1,80,75,80,75,0,70,0,0
C:\xampp\htdocs\URasethetic\images\Women\sarong skirt .png,sarong skirt,4,1,75,75,80,80,0,70,0,0
C:\xampp\htdocs\URasethetic\images\Women\scalloped neckline .png,scalloped neckline,0,1,80,75,80,70,0,70,0,0
C:\xampp\htdocs\URasethetic\images\Women\scoop neck top.png,scoop neck top,2,1,85,80,85,75,0,75,0,0
C:\xampp\htdocs\URasethetic\images\Women\scoop neckline .png,scoop neckline,0,1,85,80,85,75,0,80,0,0
C:\xampp\htdocs\URasethetic\images\Women\semi circle skirt .png,semi circle skirt,4,1,90,85,90,80,0,70,0,0
C:\xampp\htdocs\URasethetic\images\Women\semi sweetheart neckline .png,semi sweetheart neckline,0,1,80,75,80,70,0,70,0,0
C:\xampp\htdocs\URasethetic\images\Women\semi sweetheart top.png,semi sweetheart top,2,1,80,75,80,70,0,75,0,0
C:\xampp\htdocs\URasethetic\images\Women\set in sleeve.png,set in sleeve,1,1,85,80,85,75,0,85,0,0
C:\xampp\htdocs\URasethetic\images\Women\sheath dress.png,sheath dress,5,1,95,90,95,85,0,80,0,0
C:\xampp\htdocs\URasethetic\images\Women\sheath skirt .png,sheath skirt,4,1,90,85,90,80,0,85,0,0
C:\xampp\htdocs\URasethetic\images\Women\shift dress.png,shift dress,5,1,95,90,95,85,0,75,0,0
C:\xampp\htdocs\URasethetic\images\Women\shirt collar crop top .png,shirt collar crop top,2,1,85,80,85,75,0,85,0,0
C:\xampp\htdocs\URasethetic\images\Women\shirt dress .png,shirt dress,5,1,95,90,95,85,0,85,0,0
C:\xampp\htdocs\URasethetic\images\Women\shirt dress with belt .png,shirt dress with belt,5,1,95,90,95,80,0,80,0,0
C:\xampp\htdocs\URasethetic\images\Women\shirt style kurta .png,shirt style kurta,7,1,90,85,90,75,0,75,0,0
C:\xampp\htdocs\URasethetic\images\Women\shirt with belt - top.png,shirt with belt - top,2,1,85,80,85,80,0,80,0,0
C:\xampp\htdocs\URasethetic\images\Women\short skirt.png,short skirt,4,1,90,85,90,75,0,75,0,0
C:\xampp\htdocs\URasethetic\images\Women\shoulder straps peplum top with waist opening top.png,shoulder straps peplum top with waist opening top,2,1,85,80,85,85,0,85,0,0
C:\xampp\htdocs\URasethetic\images\Women\skeater dress.png,skeater dress,5,1,95,90,95,85,0,85,0,0
C:\xampp\htdocs\URasethetic\images\Women\skinny jeans .png,skinny jeans,3,1,95,90,95,75,0,75,0,0
C:\xampp\htdocs\URasethetic\images\Women\sleeveless - sleeve.png,sleeveless - sleeve,1,1,85,80,85,75,0,75,0,0
C:\xampp\htdocs\URasethetic\images\Women\sleeveless top.png,sleeveless top,2,1,85,80,85,85,0,85,0,0
C:\xampp\htdocs\URasethetic\images\Women\slip dress.png,slip dress,5,1,95,90,95,85,0,85,0,0
C:\xampp\htdocs\URasethetic\images\Women\slit dress.png,slit dress,5,1,95,90,95,80,0,80,0,0
C:\xampp\htdocs\URasethetic\images\Women\slit skirt .png,slit skirt,4,1,90,85,90,75,0,75,0,0
C:\xampp\htdocs\URasethetic\images\Women\slit sleeve .png,slit sleeve,1,1,85,80,85,85,0,85,0,0
C:\xampp\htdocs\URasethetic\images\Women\smock dress.png,smock dress,5,1,95,90,95,75,0,75,0,0
C:\xampp\htdocs\URasethetic\images\Women\spaghetti strap neckline .png,spaghetti strap neckline,0,1,85,80,85,70,0,70,0,0
C:\xampp\htdocs\URasethetic\images\Women\split crew neckline .png,split crew neckline,0,1,80,75,80,70,0,70,0,0
C:\xampp\htdocs\URasethetic\images\Women\split sweetheart neckline.png,split sweetheart neckline,0,1,80,75,80,70,0,70,0,0
C:\xampp\htdocs\URasethetic\images\Women\split sweetheart top.png,split sweetheart top,2,1,80,75,80,75,0,75,0,0
C:\xampp\htdocs\URasethetic\images\Women\square armhole fitted sleeve .png,square armhole fitted sleeve,1,1,85,80,85,75,0,75,0,0
C:\xampp\htdocs\URasethetic\images\Women\square neckline .png,square neckline,0,1,85,80,85,75,0,75,0,0
C:\xampp\htdocs\URasethetic\images\Women\square neckline top.png,square neckline top,2,1,85,80,85,70,0,70,0,0
C:\xampp\htdocs\URasethetic\images\Women\step neckline .png,step neckline,0,1,80,75,80,85,0,80,0,0
C:\xampp\htdocs\URasethetic\images\Women\stir up pants.png,stir up pants,3,1,90,85,90,85,0,80,0,0
C:\xampp\htdocs\URasethetic\images\Women\straight cut kurta.png,straight cut kurta,7,1,90,85,90,85,0,85,0,0
C:\xampp\htdocs\URasethetic\images\Women\straight jeans pants.png,straight jeans pants,3,1,95,75,95,85,0,85,0,0
C:\xampp\htdocs\URasethetic\images\Women\strapless dress.png,strapless dress,5,1,95,90,95,85,0,85,0,0
C:\xampp\htdocs\URasethetic\images\Women\strapless jumpsuit .png,strapless jumpsuit,6,1,95,90,95,85,0,85,0,0
C:\xampp\htdocs\URasethetic\images\Women\strapless neckline .png,strapless neckline,0,1,95,90,95,85,0,85,0,0
C:\xampp\htdocs\URasethetic\images\Women\striped jumpsuit .png,striped jumpsuit,6,1,95,90,95,85,0,80,0,0
C:\xampp\htdocs\URasethetic\images\Women\striped top .png,striped top,2,1,90,90,90,80,0,80,0,0
C:\xampp\htdocs\URasethetic\images\Women\stripes top.png,stripes top,2,1,90,85,90,80,0,85,0,0
C:\xampp\htdocs\URasethetic\images\Women\sun dress.png,sun dress,5,1,95,85,95,85,0,70,0,0
C:\xampp\htdocs\URasethetic\images\Women\super crop top .png,super crop top,2,1,80,90,80,70,0,75,0,0
C:\xampp\htdocs\URasethetic\images\Women\surplice neckline .png,surplice neckline,0,1,85,75,85,75,0,80,0,0
C:\xampp\htdocs\URasethetic\images\Women\sweat pants .png,sweat pants,3,1,90,85,90,80,0,80,0,0
C:\xampp\htdocs\URasethetic\images\Women\sweatshirt - top.png,sweatshirt - top,2,1,90,85,90,80,0,85,0,0
C:\xampp\htdocs\URasethetic\images\Women\sweatshirt dress.png,sweatshirt dress,5,1,95,90,95,85,0,85,0,0
C:\xampp\htdocs\URasethetic\images\Women\sweetheart dress.png,sweetheart dress,5,1,95,90,95,85,0,80,0,0
C:\xampp\htdocs\URasethetic\images\Women\sweetheart neckline .png,sweetheart neckline,0,1,90,80,85,70,0,75,0,0
C:\xampp\htdocs\URasethetic\images\Women\sweetheart neckline top.png,sweetheart neckline top,2,1,90,80,85,70,0,75,0,0
C:\xampp\htdocs\URasethetic\images\Women\t shirt dress.png,t shirt dress,5,1,85,75,80,75,0,70,0,0
C:\xampp\htdocs\URasethetic\images\Women\tank top.png,tank top,2,1,85,75,80,75,0,70,0,0
C:\xampp\htdocs\URasethetic\images\Women\tapered jeans pants.png,tapered jeans pants,3,1,90,85,90,80,0,80,0,0
C:\xampp\htdocs\URasethetic\images\Women\tent dress.png,tent dress,5,1,90,85,90,80,0,80,0,0
C:\xampp\htdocs\URasethetic\images\Women\tie bow neckline .png,tie bow neckline,0,1,85,80,85,75,0,75,0,0
C:\xampp\htdocs\URasethetic\images\Women\tie front top.png,tie front top,2,1,85,80,85,75,0,75,0,0
C:\xampp\htdocs\URasethetic\images\Women\tie neck neckline .png,tie neck neckline,0,1,85,80,85,75,0,75,0,0
C:\xampp\htdocs\URasethetic\images\Women\tie shoulder cami top.png,tie shoulder cami top,2,1,85,80,85,75,0,75,0,0
C:\xampp\htdocs\URasethetic\images\Women\tie up bralette top.png,tie up bralette top,2,1,85,80,85,75,0,75,0,0
C:\xampp\htdocs\URasethetic\images\Women\tieing top.png,tieing top,2,1,80,75,80,70,0,70,0,0
C:\xampp\htdocs\URasethetic\images\Women\tiered dress.png,tiered dress,5,1,90,85,90,80,0,80,0,0
C:\xampp\htdocs\URasethetic\images\Women\tiered skirt.png,tiered skirt,4,1,90,85,90,80,0,80,0,0
C:\xampp\htdocs\URasethetic\images\Women\trapeze neckline .png,trapeze neckline,0,1,80,75,80,70,0,70,0,0
C:\xampp\htdocs\URasethetic\images\Women\trapeze top.png,trapeze top,2,1,80,75,80,70,0,70,0,0
C:\xampp\htdocs\URasethetic\images\Women\trapezoid dress.png,trapezoid dress,5,1,80,75,80,70,0,70,0,0
C:\xampp\htdocs\URasethetic\images\Women\trouser pants.png,trouser pants,3,1,90,85,90,80,0,80,0,0
C:\xampp\htdocs\URasethetic\images\Women\trumpet skirt.png,trumpet skirt,4,1,85,80,85,75,0,75,0,0
C:\xampp\htdocs\URasethetic\images\Women\tube skirt .png,tube skirt,4,1,85,80,85,75,0,75,0,0
C:\xampp\htdocs\URasethetic\images\Women\tube top.png,tube top,2,1,85,80,85,75,0,75,0,0
C:\xampp\htdocs\URasethetic\images\Women\tulip dress .png,tulip dress,5,1,85,80,85,75,0,75,0,0
C:\xampp\htdocs\URasethetic\images\Women\tulip skirt.png,tulip skirt,4,1,85,80,85,75,0,75,0,0
C:\xampp\htdocs\URasethetic\images\Women\tulip sleeve.png,tulip sleeve,1,1,80,75,80,70,0,70,0,0
C:\xampp\htdocs\URasethetic\images\Women\tulle skirt .png,tulle skirt,4,1,85,80,85,75,0,75,0,0
C:\xampp\htdocs\URasethetic\images\Women\tunic dress .png,tunic dress,5,1,90,85,90,80,0,80,0,0
C:\xampp\htdocs\URasethetic\images\Women\tunic kurta top.png,tunic kurta top,2,1,90,85,90,80,0,80,0,0
C:\xampp\htdocs\URasethetic\images\Women\tunic shirt dress.png,tunic shirt dress,5,1,90,85,90,80,0,80,0,0
C:\xampp\htdocs\URasethetic\images\Women\tunic style kurta .png,tunic style kurta,7,1,90,85,90,80,0,80,0,0
C:\xampp\htdocs\URasethetic\images\Women\tunic top .png,tunic top,2,1,90,85,90,80,0,80,0,0
C:\xampp\htdocs\URasethetic\images\Women\turtle neck neckline .png,turtle neck neckline,0,1,85,80,85,75,0,75,0,0
C:\xampp\htdocs\URasethetic\images\Women\turtle neck top .png,turtle neck top,2,1,85,80,85,75,0,75,0,0
C:\xampp\htdocs\URasethetic\images\Women\twisted top.png,twisted top,2,1,80,75,80,70,0,70,0,0
C:\xampp\htdocs\URasethetic\images\Women\two colour jumpsuit .png,two colour jumpsuit,6,1,90,85,90,80,0,80,0,0
C:\xampp\htdocs\URasethetic\images\Women\two piece dress.png,two piece dress,5,1,90,85,90,80,0,80,0,0
C:\xampp\htdocs\URasethetic\images\Women\u neckline .png,u neckline,0,1,85,80,85,75,0,75,0,0
C:\xampp\htdocs\URasethetic\images\Women\u neckline top.png,u neckline top,2,1,85,80,85,75,0,75,0,0
C:\xampp\htdocs\URasethetic\images\Women\underbust corset top .png,underbust corset top,2,1,85,80,85,75,0,75,0,0
C:\xampp\htdocs\URasethetic\images\Women\utility jumpsuit .png,utility jumpsuit,6,1,90,85,90,80,0,80,0,0
C:\xampp\htdocs\URasethetic\images\Women\v line dress.png,v line dress,5,1,85,80,85,75,0,75,0,0
C:\xampp\htdocs\URasethetic\images\Women\v neck lose fitted top.png,v neck lose fitted top,2,1,85,80,85,75,0,75,0,0
C:\xampp\htdocs\URasethetic\images\Women\v neck top.png,v neck top,2,1,85,80,85,75,0,75,0,0
C:\xampp\htdocs\URasethetic\images\Women\v neckline.png,v neckline,0,1,85,80,85,75,0,75,0,0
C:\xampp\htdocs\URasethetic\images\Women\Veronica blouse top.png,Veronica blouse top,2,1,85,80,85,75,0,75,0,0
C:\xampp\htdocs\URasethetic\images\Women\vertical stripes top.png,vertical stripes top,2,1,85,80,85,75,0,75,0,0
C:\xampp\htdocs\URasethetic\images\Women\vest top.png,vest top,2,1,85,80,85,75,0,75,0,0
C:\xampp\htdocs\URasethetic\images\Women\virago sleeve .png,virago sleeve,1,1,80,75,80,70,0,70,0,0
C:\xampp\htdocs\URasethetic\images\Women\waist tie ups top.png,waist tie ups top,2,1,85,80,85,75,0,75,0,0
C:\xampp\htdocs\URasethetic\images\Women\wide leg jumpsuit .png,wide leg jumpsuit,6,1,90,85,90,80,0,80,0,0
C:\xampp\htdocs\URasethetic\images\Women\wide square neck top.png,wide square neck top,2,1,85,80,85,75,0,75,0,0
C:\xampp\htdocs\URasethetic\images\Women\wide straps sleeve .png,wide straps sleeve,1,1,85,80,85,75,0,75,0,0
C:\xampp\htdocs\URasethetic\images\Women\wideleg jeans pants.png,wideleg jeans pants,3,1,90,85,90,80,0,80,0,0
C:\xampp\htdocs\URasethetic\images\Women\window pane pattern shirt - top.png,window pane pattern shirt - top,2,1,85,80,90,75,0,75,0,0
C:\xampp\htdocs\URasethetic\images\Women\wrap bust top.png,wrap bust top,2,1,85,80,85,75,0,75,0,0
C:\xampp\htdocs\URasethetic\images\Women\wrap dress.png,wrap dress,5,1,90,85,85,80,0,80,0,0
C:\xampp\htdocs\URasethetic\images\Women\wrap jumpsuit .png,wrap jumpsuit,6,1,90,85,90,80,0,80,0,0
C:\xampp\htdocs\URasethetic\images\Women\wrap skirt .png,wrap skirt,4,1,90,85,90,80,0,80,0,0
C:\xampp\htdocs\URasethetic\images\Women\wrap top.png,wrap top,2,1,90,85,90,80,0,80,0,0
C:\xampp\htdocs\URasethetic\images\Women\x line dress .png,x line dress,5,1,85,80,90,75,0,75,0,0
C:\xampp\htdocs\URasethetic\images\Women\y neckline .png,y neckline,0,1,85,80,85,75,0,75,0,0
C:\xampp\htdocs\URasethetic\images\Women\y neckline top.png,y neckline top,2,1,85,80,85,75,0,75,0,0
C:\xampp\htdocs\URasethetic\images\Women\yoke dress .png,yoke dress,5,1,90,85,85,80,0,80,0,0
C:\xampp\htdocs\URasethetic\images\Women\yoke neckline .png,yoke neckline,0,1,90,80,90,75,0,75,0,0
C:\xampp\htdocs\URasethetic\images\Women\yoke top .png,yoke top,2,1,85,80,90,75,0,75,0,0
C:\xampp\htdocs\URasethetic\images\Women\yoke waist skirt .png,yoke waist skirt,4,1,85,80,85,75,0,75,0,0
C:\xampp\htdocs\URasethetic\images\Women\zig zag neckline.png,zig zag neckline,0,1,80,75,85,70,0,70,0,0
C:\xampp\htdocs\URasethetic\images\Men\baggy jeans pants.png,baggy jeans pants,10,2,0,0,0,60,50,50,40,60
C:\xampp\htdocs\URasethetic\images\Men\band collar shirt.png,band collar shirt,8,2,0,0,0,80,80,70,80,80
C:\xampp\htdocs\URasethetic\images\Men\banded collar .png,banded collar,9,2,0,0,0,80,80,70,80,80
C:\xampp\htdocs\URasethetic\images\Men\baseball tee.png,baseball tee,8,2,0,0,0,70,70,60,70,70
C:\xampp\htdocs\URasethetic\images\Men\bush pants .png,bush pants,10,2,0,0,0,60,40,40,40,50
C:\xampp\htdocs\URasethetic\images\Men\button down collar .png,button down collar,9,2,0,0,0,70,70,70,80,80
C:\xampp\htdocs\URasethetic\images\Men\button down shirt .png,button down shirt,8,2,0,0,0,70,70,70,80,80
C:\xampp\htdocs\URasethetic\images\Men\camp collar .png,camp collar,9,2,0,0,0,80,70,60,70,70
C:\xampp\htdocs\URasethetic\images\Men\cargo pants .png,cargo pants,10,2,0,0,0,60,50,50,50,60
C:\xampp\htdocs\URasethetic\images\Men\cataway 2 button band collar .png,cataway 2 button band collar,9,2,0,0,0,80,80,70,80,80
C:\xampp\htdocs\URasethetic\images\Men\cataway collar .png,cataway collar,9,2,0,0,0,80,80,70,80,80
C:\xampp\htdocs\URasethetic\images\Men\chinos pants.png,chinos pants,10,2,0,0,0,70,60,60,60,70
C:\xampp\htdocs\URasethetic\images\Men\classic collar .png,classic collar,9,2,0,0,0,70,70,70,80,80
C:\xampp\htdocs\URasethetic\images\Men\classic soft collar .png,classic soft collar,9,2,0,0,0,70,70,70,80,80
C:\xampp\htdocs\URasethetic\images\Men\club collar .png,club collar,9,2,0,0,0,70,70,60,70,70
C:\xampp\htdocs\URasethetic\images\Men\contrast collar .png,contrast collar,9,2,0,0,0,70,70,60,70,70
C:\xampp\htdocs\URasethetic\images\Men\cuban collar shirt .png,cuban collar shirt,8,2,0,0,0,80,70,60,70,70
C:\xampp\htdocs\URasethetic\images\Men\curved cut away collar .png,curved cut away collar,9,2,0,0,0,70,70,60,70,70
C:\xampp\htdocs\URasethetic\images\Men\cutaway 2 button collar.png,cutaway 2 button collar,9,2,0,0,0,70,70,60,70,70
C:\xampp\htdocs\URasethetic\images\Men\cutaway collar .png,cutaway collar,9,2,0,0,0,60,70,60,70,70
C:\xampp\htdocs\URasethetic\images\Men\denim shirt.png,denim shirt,8,2,0,0,0,70,60,60,60,70
C:\xampp\htdocs\URasethetic\images\Men\double collar .png,double collar,9,2,0,0,0,70,70,60,70,70
C:\xampp\htdocs\URasethetic\images\Men\English cutaway collar .png,English cutaway collar,9,2,0,0,0,60,70,60,70,70
C:\xampp\htdocs\URasethetic\images\Men\flannel shirt .png,flannel shirt,8,2,0,0,0,70,60,60,60,70
C:\xampp\htdocs\URasethetic\images\Men\flap pocket shirt .png,flap pocket shirt,8,2,0,0,0,70,70,60,70,70
C:\xampp\htdocs\URasethetic\images\Men\full cutaway collar .png,full cutaway collar,9,2,0,0,0,80,70,60,70,70
C:\xampp\htdocs\URasethetic\images\Men\grand dad collar .png,grand dad collar,9,2,0,0,0,60,70,70,80,80
C:\xampp\htdocs\URasethetic\images\Men\Hawaiian shirt .png,Hawaiian shirt,8,2,0,0,0,70,60,60,60,70
C:\xampp\htdocs\URasethetic\images\Men\henley shirt.png,henley shirt,8,2,0,0,0,70,70,70,80,80
C:\xampp\htdocs\URasethetic\images\Men\hidden button down collar .png,hidden button down collar,9,2,0,0,0,80,70,70,80,80
C:\xampp\htdocs\URasethetic\images\Men\high waisted trousers pants.png,high waisted trousers pants,10,2,0,0,0,60,80,80,80,70
C:\xampp\htdocs\URasethetic\images\Men\hoodie .png,hoodie,8,2,0,0,0,70,60,60,60,60
C:\xampp\htdocs\URasethetic\images\Men\horizontal stripe shirt .png,horizontal stripe shirt,8,2,0,0,0,70,70,60,70,70
C:\xampp\htdocs\URasethetic\images\Men\Italian spread collar .png,Italian spread collar,9,2,0,0,0,70,70,60,70,70
C:\xampp\htdocs\URasethetic\images\Men\jacket.png,jacket,8,2,0,0,0,80,80,80,80,80
C:\xampp\htdocs\URasethetic\images\Men\jeans pants.png,jeans pants,10,2,0,0,0,70,60,60,60,70
C:\xampp\htdocs\URasethetic\images\Men\jersey .png,jersey,8,2,0,0,0,70,60,60,60,60
C:\xampp\htdocs\URasethetic\images\Men\joggers pants.png,joggers pants,10,2,0,0,0,60,50,50,50,60
C:\xampp\htdocs\URasethetic\images\Men\khakis pants.png,khakis pants,10,2,0,0,0,70,60,50,60,70
C:\xampp\htdocs\URasethetic\images\Men\knit shirt .png,knit shirt,8,2,0,0,0,70,60,60,60,60
C:\xampp\htdocs\URasethetic\images\Men\linen shirt .png,linen shirt,8,2,0,0,0,70,70,60,80,80
C:\xampp\htdocs\URasethetic\images\Men\linen trousers pants.png,linen trousers pants,10,2,0,0,0,70,60,70,60,70
C:\xampp\htdocs\URasethetic\images\Men\long sleeve jersey.png,long sleeve jersey,8,2,0,0,0,70,60,60,60,60
C:\xampp\htdocs\URasethetic\images\Men\long sleeve tee.png,long sleeve tee,8,2,0,0,0,70,60,60,60,60
C:\xampp\htdocs\URasethetic\images\Men\Mandarin collar .png,Mandarin collar,9,2,0,0,0,80,70,70,80,80
C:\xampp\htdocs\URasethetic\images\Men\mock tee.png,mock tee,8,2,0,0,0,70,60,60,60,60
C:\xampp\htdocs\URasethetic\images\Men\one piece collar .png,one piece collar,9,2,0,0,0,72,70,70,80,80
C:\xampp\htdocs\URasethetic\images\Men\overshirt .png,overshirt,8,2,0,0,0,70,70,70,80,80
C:\xampp\htdocs\URasethetic\images\Men\Oxford button down shirt .png,Oxford button down shirt,8,2,0,0,0,70,70,70,80,80
C:\xampp\htdocs\URasethetic\images\Men\pajama collar .png,pajama collar,9,2,0,0,0,80,80,80,80,80
C:\xampp\htdocs\URasethetic\images\Men\pinned collar .png,pinned collar,9,2,0,0,0,70,70,70,80,80
C:\xampp\htdocs\URasethetic\images\Men\plaid pants .png,plaid pants,10,2,0,0,0,60,50,50,50,60
C:\xampp\htdocs\URasethetic\images\Men\plaid shirt .png,plaid shirt,8,2,0,0,0,70,70,70,70,70
C:\xampp\htdocs\URasethetic\images\Men\pleated pants.png,pleated pants,10,2,0,0,0,60,50,50,50,60
C:\xampp\htdocs\URasethetic\images\Men\pocket tee .png,pocket tee,8,2,0,0,0,70,60,60,60,60
C:\xampp\htdocs\URasethetic\images\Men\polo tshirt .png,polo tshirt,8,2,0,0,0,70,60,60,60,60
C:\xampp\htdocs\URasethetic\images\Men\relaxed fit pants.png,relaxed fit pants,10,2,0,0,0,60,50,50,50,60
C:\xampp\htdocs\URasethetic\images\Men\rugby shirt .png,rugby shirt,8,2,0,0,0,70,60,60,60,60
C:\xampp\htdocs\URasethetic\images\Men\sailor collar .png,sailor collar,9,2,0,0,0,80,70,70,80,80
C:\xampp\htdocs\URasethetic\images\Men\shawl neckline collar.png,shawl neckline collar,9,2,0,0,0,80,70,70,80,80
C:\xampp\htdocs\URasethetic\images\Men\short sleeve shirt .png,short sleeve shirt,8,2,0,0,0,70,70,70,80,80
C:\xampp\htdocs\URasethetic\images\Men\short sleeve tshirt .png,short sleeve tshirt,8,2,0,0,0,70,60,60,60,60
C:\xampp\htdocs\URasethetic\images\Men\shorts- pants.png,shorts- pants,10,2,0,0,0,60,50,50,50,60
C:\xampp\htdocs\URasethetic\images\Men\skinny jeans pants.png,skinny jeans pants,10,2,0,0,0,60,60,60,60,60
C:\xampp\htdocs\URasethetic\images\Men\slim fit pants.png,slim fit pants,10,2,0,0,0,70,60,60,60,60
C:\xampp\htdocs\URasethetic\images\Men\small button down collar .png,small button down collar,9,2,0,0,0,70,70,70,80,80
C:\xampp\htdocs\URasethetic\images\Men\small club collar .png,small club collar,9,2,0,0,0,70,70,70,80,80
C:\xampp\htdocs\URasethetic\images\Men\spread collar .png,spread collar,9,2,0,0,0,70,71,70,80,80
C:\xampp\htdocs\URasethetic\images\Men\stand collar .png,stand collar,9,2,0,0,0,70,70,70,80,80
C:\xampp\htdocs\URasethetic\images\Men\straight jeans pants.png,straight jeans pants,10,2,0,0,0,70,60,60,60,60
C:\xampp\htdocs\URasethetic\images\Men\straight point collar .png,straight point collar,9,2,0,0,0,70,50,70,80,80
C:\xampp\htdocs\URasethetic\images\Men\sweat pants.png,sweat pants,10,2,0,0,0,60,60,50,50,75
C:\xampp\htdocs\URasethetic\images\Men\sweatshirt .png,sweatshirt,8,2,0,0,0,70,70,60,60,75
C:\xampp\htdocs\URasethetic\images\Men\tab collar .png,tab collar,9,2,0,0,0,70,50,70,80,80
C:\xampp\htdocs\URasethetic\images\Men\tank .png,tank,8,2,0,0,0,60,60,50,50,60
C:\xampp\htdocs\URasethetic\images\Men\torn jeans pants.png,torn jeans pants,10,2,0,0,0,60,60,60,60,60
C:\xampp\htdocs\URasethetic\images\Men\tshirt .png,tshirt,8,2,0,0,0,70,70,60,60,60
C:\xampp\htdocs\URasethetic\images\Men\turtle neck .png,turtle neck,8,2,0,0,0,70,70,70,80,80
C:\xampp\htdocs\URasethetic\images\Men\tuxedo shirt.png,tuxedo shirt,8,2,0,0,0,70,50,70,80,80
C:\xampp\htdocs\URasethetic\images\Men\utility pants.png,utility pants,10,2,0,0,0,60,60,50,50,80
C:\xampp\htdocs\URasethetic\images\Men\utility work tshirt .png,utility work tshirt,8,2,0,0,0,70,60,60,60,60
C:\xampp\htdocs\URasethetic\images\Men\v neck tee.png,v neck tee,8,2,0,0,0,70,70,60,60,60
C:\xampp\htdocs\URasethetic\images\Men\vertical stripe shirt.png,vertical stripe shirt,8,2,0,0,0,70,70,60,70,60
C:\xampp\htdocs\URasethetic\images\Men\Western shirt.png,Western shirt,8,2,0,0,0,70,50,60,70,70
C:\xampp\htdocs\URasethetic\images\Men\wide leg pants.png,wide leg pants,10,2,0,0,0,60,60,50,50,70
